{
  "model": "tokenlabsdotrun/Llama-3.1-8B-ModelOpt-NVFP4-QAT",
  "num_samples": 541,
  "prompt_level_accuracy": 31.79297597042514,
  "instruction_level_accuracy": 44.24460431654676,
  "prompt_level_accuracy_loose": 35.67467652495379,
  "instruction_level_accuracy_loose": 47.961630695443645,
  "timestamp": 4215168.59461188,
  "raw_lighteval_results": {
    "ifeval|0": {
      "prompt_level_strict_acc": 0.3179297597042514,
      "prompt_level_strict_acc_stderr": 0.020039332971020285,
      "inst_level_strict_acc": 0.44244604316546765,
      "inst_level_strict_acc_stderr": 0.0005146556522294388,
      "prompt_level_loose_acc": 0.3567467652495379,
      "prompt_level_loose_acc_stderr": 0.020614562936479917,
      "inst_level_loose_acc": 0.47961630695443647,
      "inst_level_loose_acc_stderr": 0.0005220940862329638
    },
    "all": {
      "prompt_level_strict_acc": 0.3179297597042514,
      "prompt_level_strict_acc_stderr": 0.020039332971020285,
      "inst_level_strict_acc": 0.44244604316546765,
      "inst_level_strict_acc_stderr": 0.0005146556522294388,
      "prompt_level_loose_acc": 0.3567467652495379,
      "prompt_level_loose_acc_stderr": 0.020614562936479917,
      "inst_level_loose_acc": 0.47961630695443647,
      "inst_level_loose_acc_stderr": 0.0005220940862329638
    }
  }
}
