{
  "model": "meta-llama/Llama-3.1-8B-Instruct",
  "num_samples": 541,
  "prompt_level_accuracy": 73.19778188539742,
  "instruction_level_accuracy": 81.17505995203837,
  "prompt_level_accuracy_loose": 77.07948243992607,
  "instruction_level_accuracy_loose": 83.93285371702638,
  "timestamp": 3439110.631159409,
  "raw_lighteval_results": {
    "ifeval|0": {
      "prompt_level_strict_acc": 0.7319778188539742,
      "prompt_level_strict_acc_stderr": 0.01906063869163028,
      "inst_level_strict_acc": 0.8117505995203836,
      "inst_level_strict_acc_stderr": 0.00042466287277335356,
      "prompt_level_loose_acc": 0.7707948243992606,
      "prompt_level_loose_acc_stderr": 0.018087757424955348,
      "inst_level_loose_acc": 0.8393285371702638,
      "inst_level_loose_acc_stderr": 0.00040062549308924423
    },
    "all": {
      "prompt_level_strict_acc": 0.7319778188539742,
      "prompt_level_strict_acc_stderr": 0.01906063869163028,
      "inst_level_strict_acc": 0.8117505995203836,
      "inst_level_strict_acc_stderr": 0.00042466287277335356,
      "prompt_level_loose_acc": 0.7707948243992606,
      "prompt_level_loose_acc_stderr": 0.018087757424955348,
      "inst_level_loose_acc": 0.8393285371702638,
      "inst_level_loose_acc_stderr": 0.00040062549308924423
    }
  }
}
