{
  "model": "tokenlabsdotrun/Llama-3.1-8B-ModelOpt-NVFP4",
  "num_samples": 541,
  "prompt_level_accuracy": 71.1645101663586,
  "instruction_level_accuracy": 79.73621103117506,
  "prompt_level_accuracy_loose": 75.97042513863215,
  "instruction_level_accuracy_loose": 83.33333333333334,
  "timestamp": 3441557.973076419,
  "raw_lighteval_results": {
    "ifeval|0": {
      "prompt_level_strict_acc": 0.711645101663586,
      "prompt_level_strict_acc_stderr": 0.0194938903506547,
      "inst_level_strict_acc": 0.7973621103117506,
      "inst_level_strict_acc_stderr": 0.0004398389150316997,
      "prompt_level_loose_acc": 0.7597042513863216,
      "prompt_level_loose_acc_stderr": 0.01838647358148707,
      "inst_level_loose_acc": 0.8333333333333334,
      "inst_level_loose_acc_stderr": 0.0004081760126144407
    },
    "all": {
      "prompt_level_strict_acc": 0.711645101663586,
      "prompt_level_strict_acc_stderr": 0.0194938903506547,
      "inst_level_strict_acc": 0.7973621103117506,
      "inst_level_strict_acc_stderr": 0.0004398389150316997,
      "prompt_level_loose_acc": 0.7597042513863216,
      "prompt_level_loose_acc_stderr": 0.01838647358148707,
      "inst_level_loose_acc": 0.8333333333333334,
      "inst_level_loose_acc_stderr": 0.0004081760126144407
    }
  }
}
