{
  "model": "tokenlabsdotrun/Llama-3.1-8B-ModelOpt-NVFP4-QAT",
  "num_samples": 541,
  "prompt_level_accuracy": 59.14972273567468,
  "instruction_level_accuracy": 65.10791366906474,
  "prompt_level_accuracy_loose": 64.87985212569316,
  "instruction_level_accuracy_loose": 69.54436450839329,
  "timestamp": 4081590.692967,
  "raw_lighteval_results": {
    "ifeval|0": {
      "prompt_level_strict_acc": 0.5914972273567468,
      "prompt_level_strict_acc_stderr": 0.02115324409872036,
      "inst_level_strict_acc": 0.6510791366906474,
      "inst_level_strict_acc_stderr": 0.0006033995505797583,
      "prompt_level_loose_acc": 0.6487985212569316,
      "prompt_level_loose_acc_stderr": 0.020541692024854764,
      "inst_level_loose_acc": 0.6954436450839329,
      "inst_level_loose_acc_stderr": 0.0005921807163780933
    },
    "all": {
      "prompt_level_strict_acc": 0.5914972273567468,
      "prompt_level_strict_acc_stderr": 0.02115324409872036,
      "inst_level_strict_acc": 0.6510791366906474,
      "inst_level_strict_acc_stderr": 0.0006033995505797583,
      "prompt_level_loose_acc": 0.6487985212569316,
      "prompt_level_loose_acc_stderr": 0.020541692024854764,
      "inst_level_loose_acc": 0.6954436450839329,
      "inst_level_loose_acc_stderr": 0.0005921807163780933
    }
  }
}
