{
  "model": "tokenlabsdotrun/Llama-3.1-8B-ModelOpt-FP8-QAT",
  "num_samples": 541,
  "prompt_level_accuracy": 31.608133086876155,
  "instruction_level_accuracy": 43.28537170263789,
  "prompt_level_accuracy_loose": 36.22920517560074,
  "instruction_level_accuracy_loose": 47.122302158273385,
  "timestamp": 4712.174873911,
  "raw_lighteval_results": {
    "ifeval|0": {
      "prompt_level_strict_acc": 0.31608133086876156,
      "prompt_level_strict_acc_stderr": 0.02000805037723898,
      "inst_level_strict_acc": 0.43285371702637887,
      "inst_level_strict_acc_stderr": 0.0005168552525943162,
      "prompt_level_loose_acc": 0.36229205175600737,
      "prompt_level_loose_acc_stderr": 0.020684424314965394,
      "inst_level_loose_acc": 0.4712230215827338,
      "inst_level_loose_acc_stderr": 0.0005310560486957152
    },
    "all": {
      "prompt_level_strict_acc": 0.31608133086876156,
      "prompt_level_strict_acc_stderr": 0.02000805037723898,
      "inst_level_strict_acc": 0.43285371702637887,
      "inst_level_strict_acc_stderr": 0.0005168552525943162,
      "prompt_level_loose_acc": 0.36229205175600737,
      "prompt_level_loose_acc_stderr": 0.020684424314965394,
      "inst_level_loose_acc": 0.4712230215827338,
      "inst_level_loose_acc_stderr": 0.0005310560486957152
    }
  }
}
